<?xml version="1.0" encoding="UTF-8"?>
<DEFECTS>
  <DEFECT>
    <SFA>
      <FILEPATH>U:\OpenGL\</FILEPATH>
      <FILENAME>stb_image.h</FILENAME>
      <LINE>1841</LINE>
      <COLUMN>36</COLUMN>
    </SFA>
    <DEFECTCODE>26453</DEFECTCODE>
    <DESCRIPTION>Arithmetic overflow: Left shift of a negative signed number is undefined behavior (io.4).</DESCRIPTION>
    <FUNCTION>stbi__build_fast_ac</FUNCTION>
    <DECORATED>?stbi__build_fast_ac@@YAXPAFPAUstbi__huffman@@@Z</DECORATED>
    <FUNCLINE>1825</FUNCLINE>
    <PATH></PATH>
  </DEFECT>
  <DEFECT>
    <SFA>
      <FILEPATH>U:\OpenGL\</FILEPATH>
      <FILENAME>stb_image.h</FILENAME>
      <LINE>3701</LINE>
      <COLUMN>29</COLUMN>
    </SFA>
    <DEFECTCODE>6001</DEFECTCODE>
    <DESCRIPTION>Using uninitialized memory 'coutput'.</DESCRIPTION>
    <FUNCTION>load_jpeg_image</FUNCTION>
    <DECORATED>?load_jpeg_image@@YAPAEPAUstbi__jpeg@@PAH11H@Z</DECORATED>
    <FUNCLINE>3606</FUNCLINE>
    <PROBABILITY>1</PROBABILITY>
    <RANK>3</RANK>
    <CATEGORY>
      <RULECATEGORY>mspft</RULECATEGORY>
    </CATEGORY>
    <PATH>
      <SFA>
        <FILEPATH>U:\OpenGL\</FILEPATH>
        <FILENAME>stb_image.h</FILENAME>
        <LINE>3608</LINE>
        <COLUMN>8</COLUMN>
      </SFA>
      <SFA>
        <FILEPATH>U:\OpenGL\</FILEPATH>
        <FILENAME>stb_image.h</FILENAME>
        <LINE>3608</LINE>
        <COLUMN>11</COLUMN>
      </SFA>
      <SFA>
        <FILEPATH>U:\OpenGL\</FILEPATH>
        <FILENAME>stb_image.h</FILENAME>
        <LINE>3609</LINE>
        <COLUMN>16</COLUMN>
      </SFA>
      <SFA>
        <FILEPATH>U:\OpenGL\</FILEPATH>
        <FILENAME>stb_image.h</FILENAME>
        <LINE>3612</LINE>
        <COLUMN>21</COLUMN>
      </SFA>
      <SFA>
        <FILEPATH>U:\OpenGL\</FILEPATH>
        <FILENAME>stb_image.h</FILENAME>
        <LINE>3615</LINE>
        <COLUMN>8</COLUMN>
      </SFA>
      <SFA>
        <FILEPATH>U:\OpenGL\</FILEPATH>
        <FILENAME>stb_image.h</FILENAME>
        <LINE>3618</LINE>
        <COLUMN>6</COLUMN>
      </SFA>
      <SFA>
        <FILEPATH>U:\OpenGL\</FILEPATH>
        <FILENAME>stb_image.h</FILENAME>
        <LINE>3620</LINE>
        <COLUMN>25</COLUMN>
      </SFA>
      <SFA>
        <FILEPATH>U:\OpenGL\</FILEPATH>
        <FILENAME>stb_image.h</FILENAME>
        <LINE>3623</LINE>
        <COLUMN>17</COLUMN>
      </SFA>
      <SFA>
        <FILEPATH>U:\OpenGL\</FILEPATH>
        <FILENAME>stb_image.h</FILENAME>
        <LINE>3627</LINE>
        <COLUMN>12</COLUMN>
      </SFA>
      <SFA>
        <FILEPATH>U:\OpenGL\</FILEPATH>
        <FILENAME>stb_image.h</FILENAME>
        <LINE>3628</LINE>
        <COLUMN>21</COLUMN>
      </SFA>
      <SFA>
        <FILEPATH>U:\OpenGL\</FILEPATH>
        <FILENAME>stb_image.h</FILENAME>
        <LINE>3628</LINE>
        <COLUMN>24</COLUMN>
      </SFA>
      <SFA>
        <FILEPATH>U:\OpenGL\</FILEPATH>
        <FILENAME>stb_image.h</FILENAME>
        <LINE>3629</LINE>
        <COLUMN>17</COLUMN>
      </SFA>
      <SFA>
        <FILEPATH>U:\OpenGL\</FILEPATH>
        <FILENAME>stb_image.h</FILENAME>
        <LINE>3630</LINE>
        <COLUMN>17</COLUMN>
        <KEYEVENT>
          <ID>1</ID>
          <KIND>declaration</KIND>
          <IMPORTANCE>Essential</IMPORTANCE>
          <MESSAGE>'coutput' is not initialized</MESSAGE>
        </KEYEVENT>
      </SFA>
      <SFA>
        <FILEPATH>U:\OpenGL\</FILEPATH>
        <FILENAME>stb_image.h</FILENAME>
        <LINE>3632</LINE>
        <COLUMN>23</COLUMN>
      </SFA>
      <SFA>
        <FILEPATH>U:\OpenGL\</FILEPATH>
        <FILENAME>stb_image.h</FILENAME>
        <LINE>3634</LINE>
        <COLUMN>15</COLUMN>
      </SFA>
      <SFA>
        <FILEPATH>U:\OpenGL\</FILEPATH>
        <FILENAME>stb_image.h</FILENAME>
        <LINE>3634</LINE>
        <COLUMN>22</COLUMN>
        <KEYEVENT>
          <ID>2</ID>
          <KIND>branch</KIND>
          <IMPORTANCE>Full</IMPORTANCE>
          <MESSAGE>Skip this loop, (assume 'k&lt;decode_n' is false)</MESSAGE>
        </KEYEVENT>
      </SFA>
      <SFA>
        <FILEPATH>U:\OpenGL\</FILEPATH>
        <FILENAME>stb_image.h</FILENAME>
        <LINE>3657</LINE>
        <COLUMN>15</COLUMN>
      </SFA>
      <SFA>
        <FILEPATH>U:\OpenGL\</FILEPATH>
        <FILENAME>stb_image.h</FILENAME>
        <LINE>3658</LINE>
        <COLUMN>12</COLUMN>
        <KEYEVENT>
          <ID>3</ID>
          <KIND>branch</KIND>
          <IMPORTANCE>Full</IMPORTANCE>
          <MESSAGE>Skip this branch, (assume '!output' is false)</MESSAGE>
        </KEYEVENT>
      </SFA>
      <SFA>
        <FILEPATH>U:\OpenGL\</FILEPATH>
        <FILENAME>stb_image.h</FILENAME>
        <LINE>3661</LINE>
        <COLUMN>15</COLUMN>
      </SFA>
      <SFA>
        <FILEPATH>U:\OpenGL\</FILEPATH>
        <FILENAME>stb_image.h</FILENAME>
        <LINE>3661</LINE>
        <COLUMN>22</COLUMN>
        <KEYEVENT>
          <ID>4</ID>
          <KIND>branch</KIND>
          <IMPORTANCE>Full</IMPORTANCE>
          <MESSAGE>Enter this loop, (assume 'j&lt;z-&gt;s-&gt;img_y')</MESSAGE>
        </KEYEVENT>
      </SFA>
      <SFA>
        <FILEPATH>U:\OpenGL\</FILEPATH>
        <FILENAME>stb_image.h</FILENAME>
        <LINE>3662</LINE>
        <COLUMN>20</COLUMN>
      </SFA>
      <SFA>
        <FILEPATH>U:\OpenGL\</FILEPATH>
        <FILENAME>stb_image.h</FILENAME>
        <LINE>3663</LINE>
        <COLUMN>19</COLUMN>
      </SFA>
      <SFA>
        <FILEPATH>U:\OpenGL\</FILEPATH>
        <FILENAME>stb_image.h</FILENAME>
        <LINE>3663</LINE>
        <COLUMN>26</COLUMN>
        <KEYEVENT>
          <ID>5</ID>
          <KIND>branch</KIND>
          <IMPORTANCE>Full</IMPORTANCE>
          <MESSAGE>Skip this loop, (assume 'k&lt;decode_n' is false)</MESSAGE>
        </KEYEVENT>
      </SFA>
      <SFA>
        <FILEPATH>U:\OpenGL\</FILEPATH>
        <FILENAME>stb_image.h</FILENAME>
        <LINE>3677</LINE>
        <COLUMN>18</COLUMN>
        <KEYEVENT>
          <ID>6</ID>
          <KIND>branch</KIND>
          <IMPORTANCE>Full</IMPORTANCE>
          <MESSAGE>Skip this branch, (assume 'n&gt;=3' is false)</MESSAGE>
        </KEYEVENT>
      </SFA>
      <SFA>
        <FILEPATH>U:\OpenGL\</FILEPATH>
        <FILENAME>stb_image.h</FILENAME>
        <LINE>3701</LINE>
        <COLUMN>24</COLUMN>
      </SFA>
      <SFA>
        <FILEPATH>U:\OpenGL\</FILEPATH>
        <FILENAME>stb_image.h</FILENAME>
        <LINE>3701</LINE>
        <COLUMN>29</COLUMN>
        <KEYEVENT>
          <ID>7</ID>
          <KIND>usage</KIND>
          <IMPORTANCE>Essential</IMPORTANCE>
          <MESSAGE>'coutput' is used, but may not have been initialized</MESSAGE>
        </KEYEVENT>
      </SFA>
    </PATH>
  </DEFECT>
  <DEFECT>
    <SFA>
      <FILEPATH>U:\OpenGL\</FILEPATH>
      <FILENAME>stb_image.h</FILENAME>
      <LINE>3727</LINE>
      <COLUMN>11</COLUMN>
    </SFA>
    <DEFECTCODE>6262</DEFECTCODE>
    <DESCRIPTION>Function uses '18200' bytes of stack:  exceeds /analyze:stacksize '16384'.  Consider moving some data to heap.</DESCRIPTION>
    <FUNCTION>stbi__jpeg_test</FUNCTION>
    <DECORATED>?stbi__jpeg_test@@YAHPAUstbi__context@@@Z</DECORATED>
    <FUNCLINE>3727</FUNCLINE>
    <PATH></PATH>
  </DEFECT>
  <DEFECT>
    <SFA>
      <FILEPATH>U:\OpenGL\learnOpengl\</FILEPATH>
      <FILENAME>camera.h</FILENAME>
      <LINE>90</LINE>
      <COLUMN>9</COLUMN>
    </SFA>
    <DEFECTCODE>26812</DEFECTCODE>
    <DESCRIPTION>The enum type 'Camera_Movement' is unscoped. Prefer 'enum class' over 'enum' (Enum.3).</DESCRIPTION>
    <FUNCTION>Camera::ProcessKeyboard</FUNCTION>
    <DECORATED>?ProcessKeyboard@Camera@@QAEXW4Camera_Movement@@M@Z</DECORATED>
    <FUNCLINE>90</FUNCLINE>
    <PATH></PATH>
  </DEFECT>
</DEFECTS>